<?xml version="1.0" encoding="utf-8"?>
<Project DefaultTargets="Build" xmlns="http://schemas.microsoft.com/developer/msbuild/2003">
  <ItemGroup Label="ProjectConfigurations">
    <ProjectConfiguration Include="Debug|Win32">
      <Configuration>Debug</Configuration>
      <Platform>Win32</Platform>
    </ProjectConfiguration>
    <ProjectConfiguration Include="Release|Win32">
      <Configuration>Release</Configuration>
      <Platform>Win32</Platform>
    </ProjectConfiguration>
  </ItemGroup>
  <ItemGroup>
    <ClCompile Include="..\..\3DShapes\ShapeMeshes.cpp" />
    <ClCompile Include="..\..\Utilities\ShaderManager.cpp" />
    <ClCompile Include="Source\MainCode.cpp" />
    <ClCompile Include="Source\SceneManager.cpp" />
    <ClCompile Include="Source\ViewManager.cpp" />
  </ItemGroup>
  <ItemGroup>
    <ClInclude Include="Source\SceneManager.h" />
    <ClInclude Include="Source\ViewManager.h" />
  </ItemGroup>
  <PropertyGroup Label="Globals">
    <VCProjectVersion>17.0</VCProjectVersion>
    <Keyword>Win32Proj</Keyword>
    <ProjectGuid>{fec5411d-16fc-4489-be83-8f69cd3c9837}</ProjectGuid>
    <RootNamespace>OpenGLSample</RootNamespace>
    <WindowsTargetPlatformVersion>10.0</WindowsTargetPlatformVersion>
    <ProjectName>7-1_FinalProjectMilestones</ProjectName>
  </PropertyGroup>
  <Import Project="$(VCTargetsPath)\Microsoft.Cpp.Default.props" />
  <PropertyGroup Condition="'$(Configuration)|$(Platform)'=='Debug|Win32'" Label="Configuration">
    <ConfigurationType>Application</ConfigurationType>
    <UseDebugLibraries>true</UseDebugLibraries>
    <PlatformToolset>v143</PlatformToolset>
    <CharacterSet>Unicode</CharacterSet>
  </PropertyGroup>
  <PropertyGroup Condition="'$(Configuration)|$(Platform)'=='Release|Win32'" Label="Configuration">
    <ConfigurationType>Application</ConfigurationType>
    <UseDebugLibraries>false</UseDebugLibraries>
    <PlatformToolset>v143</PlatformToolset>
    <WholeProgramOptimization>true</WholeProgramOptimization>
    <CharacterSet>Unicode</CharacterSet>
  </PropertyGroup>
  <Import Project="$(VCTargetsPath)\Microsoft.Cpp.props" />
  <ImportGroup Label="ExtensionSettings">
  </ImportGroup>
  <ImportGroup Label="Shared">
  </ImportGroup>
  <ImportGroup Label="PropertySheets" Condition="'$(Configuration)|$(Platform)'=='Debug|Win32'">
    <Import Project="$(UserRootDir)\Microsoft.Cpp.$(Platform).user.props" Condition="exists('$(UserRootDir)\Microsoft.Cpp.$(Platform).user.props')" Label="LocalAppDataPlatform" />
  </ImportGroup>
  <ImportGroup Label="PropertySheets" Condition="'$(Configuration)|$(Platform)'=='Release|Win32'">
    <Import Project="$(UserRootDir)\Microsoft.Cpp.$(Platform).user.props" Condition="exists('$(UserRootDir)\Microsoft.Cpp.$(Platform).user.props')" Label="LocalAppDataPlatform" />
  </ImportGroup>
  <PropertyGroup Label="UserMacros" />
  <ItemDefinitionGroup Condition="'$(Configuration)|$(Platform)'=='Debug|Win32'">
    <ClCompile>
      <WarningLevel>Level3</WarningLevel>
      <SDLCheck>true</SDLCheck>
      <PreprocessorDefinitions>WIN32;_DEBUG;_CONSOLE;%(PreprocessorDefinitions)</PreprocessorDefinitions>
      <ConformanceMode>true</ConformanceMode>
      <AdditionalIncludeDirectories>..\..\Libraries\GLFW\include;..\..\Libraries\GLEW\include;..\..\Libraries\glm;..\..\Utilities;..\..\3DShapes;%(AdditionalIncludeDirectories)</AdditionalIncludeDirectories>
    </ClCompile>
    <Link>
      <SubSystem>Console</SubSystem>
      <GenerateDebugInformation>true</GenerateDebugInformation>
      <AdditionalLibraryDirectories>..\..\Libraries\GLEW\lib\Release\Win32;..\..\Libraries\GLFW\lib-vc2022;%(AdditionalLibraryDirectories)</AdditionalLibraryDirectories>
      <AdditionalDependencies>glew32.lib;glfw3.lib;opengl32.lib;%(AdditionalDependencies)</AdditionalDependencies>
      <AdditionalOptions>/NODEFAULTLIB:MSVCRT %(AdditionalOptions)</AdditionalOptions>
    </Link>
  </ItemDefinitionGroup>
  <ItemDefinitionGroup Condition="'$(Configuration)|$(Platform)'=='Release|Win32'">
    <ClCompile>
      <WarningLevel>Level3</WarningLevel>
      <FunctionLevelLinking>true</FunctionLevelLinking>
      <IntrinsicFunctions>true</IntrinsicFunctions>
      <SDLCheck>true</SDLCheck>
      <PreprocessorDefinitions>WIN32;NDEBUG;_CONSOLE;%(PreprocessorDefinitions)</PreprocessorDefinitions>
      <ConformanceMode>true</ConformanceMode>
      <AdditionalIncludeDirectories>..\..\Libraries\GLFW\include;..\..\Libraries\GLEW\include;..\..\Libraries\glm;..\..\Utilities;..\..\3DShapes;%(AdditionalIncludeDirectories)</AdditionalIncludeDirectories>
    </ClCompile>
    <Link>
      <SubSystem>Console</SubSystem>
      <EnableCOMDATFolding>true</EnableCOMDATFolding>
      <OptimizeReferences>true</OptimizeReferences>
      <GenerateDebugInformation>true</GenerateDebugInformation>
      <AdditionalLibraryDirectories>..\..\Libraries\GLEW\lib\Release\Win32;..\..\Libraries\GLFW\lib-vc2022;%(AdditionalLibraryDirectories)</AdditionalLibraryDirectories>
      <AdditionalDependencies>glew32.lib;glfw3.lib;opengl32.lib;glu32.lib;%(AdditionalDependencies)</AdditionalDependencies>
    </Link>
  </ItemDefinitionGroup>
  <Import Project="$(VCTargetsPath)\Microsoft.Cpp.targets" />
  <ImportGroup Label="ExtensionTargets">
  </ImportGroup>
</Project>